{
  "slope": 0.14041979172517033,
  "intercept": -70.74244402086804,
  "min_ratio": 0.5,
  "max_ratio": 1.5,
  "n_samples": 125642,
  "r2": 0.7637714415874045,
  "ratio_p5": 0.863975315121835,
  "ratio_p95": 1.10561349040817,
  "y_range": [
    670.7,
    1073.35
  ],
  "h_mean": 35.27558857706818
}