{
  "threshold": 0.35058489304812834,
  "green_high_is_a": false,
  "accuracy": 0.7648854961832061,
  "samples": 1310
}